epoch,step,train_loss_epoch,train_loss_step,val_loss,val_mse,val_pearson
0,0,,,8121.2060546875,3430350.25,0.011520696803927422
0,49,,1127.2724609375,,,
0,99,,729.8765869140625,,,
0,149,,852.3167724609375,,,
0,199,,769.7530517578125,,,
0,249,,819.8539428710938,,,
0,299,,979.869873046875,,,
0,349,,740.3535766601562,,,
0,399,,1070.033935546875,,,
0,431,,,790.0654296875,2221045.0,0.1165623813867569
0,431,985.5551147460938,,,,
1,449,,775.65771484375,,,
